[
  {
    "stickerType": 7,
    "stickerId": 18114,
    "cateId": 10136
  },
  {
    "stickerType": 7,
    "stickerId": 18115,
    "cateId": 10136
  },
  {
    "stickerType": 7,
    "stickerId": 18644,
    "cateId": 10136
  },
  {
    "stickerType": 7,
    "stickerId": 21979,
    "cateId": 10136
  },
  {
    "stickerType": 7,
    "stickerId": 21980,
    "cateId": 10136
  },
  {
    "stickerType": 7,
    "stickerId": 21981,
    "cateId": 10136
  },
  {
    "stickerType": 7,
    "stickerId": 21982,
    "cateId": 10136
  },
  {
    "stickerType": 7,
    "stickerId": 21983,
    "cateId": 10136
  },
  {
    "stickerType": 7,
    "stickerId": 22169,
    "cateId": 10136
  },
  {
    "stickerType": 7,
    "stickerId": 22170,
    "cateId": 10136
  },
  {
    "stickerType": 7,
    "stickerId": 22171,
    "cateId": 10136
  },
  {
    "stickerType": 7,
    "stickerId": 18682,
    "cateId": 10168
  },
  {
    "stickerType": 7,
    "stickerId": 18683,
    "cateId": 10168
  },
  {
    "stickerType": 7,
    "stickerId": 18684,
    "cateId": 10168
  },
  {
    "stickerType": 7,
    "stickerId": 18685,
    "cateId": 10168
  },
  {
    "stickerType": 7,
    "stickerId": 18686,
    "cateId": 10168
  },
  {
    "stickerType": 7,
    "stickerId": 18687,
    "cateId": 10168
  },
  {
    "stickerType": 7,
    "stickerId": 18688,
    "cateId": 10168
  },
  {
    "stickerType": 7,
    "stickerId": 18689,
    "cateId": 10168
  },
  {
    "stickerType": 7,
    "stickerId": 22665,
    "cateId": 10374
  },
  {
    "stickerType": 7,
    "stickerId": 22666,
    "cateId": 10374
  },
  {
    "stickerType": 7,
    "stickerId": 22667,
    "cateId": 10374
  },
  {
    "stickerType": 7,
    "stickerId": 22668,
    "cateId": 10374
  },
  {
    "stickerType": 7,
    "stickerId": 22669,
    "cateId": 10374
  },
  {
    "stickerType": 7,
    "stickerId": 22670,
    "cateId": 10374
  },
  {
    "stickerType": 7,
    "stickerId": 22671,
    "cateId": 10374
  },
  {
    "stickerType": 7,
    "stickerId": 22672,
    "cateId": 10374
  },
  {
    "stickerType": 7,
    "stickerId": 22673,
    "cateId": 10374
  },
  {
    "stickerType": 7,
    "stickerId": 22674,
    "cateId": 10374
  },
  {
    "stickerType": 7,
    "stickerId": 22675,
    "cateId": 10374
  },
  {
    "stickerType": 7,
    "stickerId": 22676,
    "cateId": 10374
  },
  {
    "stickerType": 7,
    "stickerId": 22677,
    "cateId": 10374
  },
  {
    "stickerType": 7,
    "stickerId": 22678,
    "cateId": 10374
  },
  {
    "stickerType": 7,
    "stickerId": 23285,
    "cateId": 10417
  },
  {
    "stickerType": 7,
    "stickerId": 23286,
    "cateId": 10417
  },
  {
    "stickerType": 7,
    "stickerId": 23287,
    "cateId": 10417
  },
  {
    "stickerType": 7,
    "stickerId": 23288,
    "cateId": 10417
  },
  {
    "stickerType": 7,
    "stickerId": 23289,
    "cateId": 10417
  },
  {
    "stickerType": 7,
    "stickerId": 23296,
    "cateId": 10420
  },
  {
    "stickerType": 7,
    "stickerId": 23297,
    "cateId": 10420
  },
  {
    "stickerType": 7,
    "stickerId": 23298,
    "cateId": 10420
  },
  {
    "stickerType": 7,
    "stickerId": 23337,
    "cateId": 10425
  },
  {
    "stickerType": 7,
    "stickerId": 23338,
    "cateId": 10425
  },
  {
    "stickerType": 3,
    "stickerId": 23339,
    "cateId": 10425
  },
  {
    "stickerType": 7,
    "stickerId": 23356,
    "cateId": 10427
  },
  {
    "stickerType": 7,
    "stickerId": 23357,
    "cateId": 10427
  },
  {
    "stickerType": 7,
    "stickerId": 23359,
    "cateId": 10427
  },
  {
    "stickerType": 7,
    "stickerId": 23360,
    "cateId": 10427
  },
  {
    "stickerType": 7,
    "stickerId": 23361,
    "cateId": 10427
  },
  {
    "stickerType": 7,
    "stickerId": 23362,
    "cateId": 10427
  },
  {
    "stickerType": 7,
    "stickerId": 23363,
    "cateId": 10427
  },
  {
    "stickerType": 7,
    "stickerId": 23364,
    "cateId": 10427
  },
  {
    "stickerType": 7,
    "stickerId": 23366,
    "cateId": 10427
  },
  {
    "stickerType": 7,
    "stickerId": 23367,
    "cateId": 10427
  },
  {
    "stickerType": 7,
    "stickerId": 23368,
    "cateId": 10428
  },
  {
    "stickerType": 7,
    "stickerId": 23369,
    "cateId": 10428
  },
  {
    "stickerType": 7,
    "stickerId": 23370,
    "cateId": 10428
  },
  {
    "stickerType": 7,
    "stickerId": 23371,
    "cateId": 10428
  },
  {
    "stickerType": 7,
    "stickerId": 23372,
    "cateId": 10428
  },
  {
    "stickerType": 7,
    "stickerId": 23373,
    "cateId": 10428
  },
  {
    "stickerType": 7,
    "stickerId": 23374,
    "cateId": 10428
  },
  {
    "stickerType": 7,
    "stickerId": 23375,
    "cateId": 10428
  },
  {
    "stickerType": 7,
    "stickerId": 23376,
    "cateId": 10428
  },
  {
    "stickerType": 7,
    "stickerId": 23377,
    "cateId": 10428
  },
  {
    "stickerType": 7,
    "stickerId": 23815,
    "cateId": 10457
  },
  {
    "stickerType": 7,
    "stickerId": 23816,
    "cateId": 10457
  },
  {
    "stickerType": 7,
    "stickerId": 23817,
    "cateId": 10457
  },
  {
    "stickerType": 7,
    "stickerId": 23818,
    "cateId": 10457
  },
  {
    "stickerType": 7,
    "stickerId": 23819,
    "cateId": 10457
  },
  {
    "stickerType": 7,
    "stickerId": 23820,
    "cateId": 10457
  },
  {
    "stickerType": 7,
    "stickerId": 23821,
    "cateId": 10457
  },
  {
    "stickerType": 7,
    "stickerId": 23822,
    "cateId": 10457
  },
  {
    "stickerType": 7,
    "stickerId": 23823,
    "cateId": 10457
  },
  {
    "stickerType": 7,
    "stickerId": 23824,
    "cateId": 10457
  },
  {
    "stickerType": 7,
    "stickerId": 23825,
    "cateId": 10457
  },
  {
    "stickerType": 7,
    "stickerId": 23826,
    "cateId": 10457
  },
  {
    "stickerType": 7,
    "stickerId": 23827,
    "cateId": 10457
  },
  {
    "stickerType": 7,
    "stickerId": 23828,
    "cateId": 10457
  },
  {
    "stickerType": 7,
    "stickerId": 23829,
    "cateId": 10458
  },
  {
    "stickerType": 7,
    "stickerId": 23830,
    "cateId": 10458
  },
  {
    "stickerType": 7,
    "stickerId": 23831,
    "cateId": 10458
  },
  {
    "stickerType": 7,
    "stickerId": 23832,
    "cateId": 10458
  },
  {
    "stickerType": 7,
    "stickerId": 23833,
    "cateId": 10458
  },
  {
    "stickerType": 7,
    "stickerId": 23834,
    "cateId": 10458
  },
  {
    "stickerType": 7,
    "stickerId": 23835,
    "cateId": 10458
  },
  {
    "stickerType": 7,
    "stickerId": 23836,
    "cateId": 10458
  },
  {
    "stickerType": 7,
    "stickerId": 23837,
    "cateId": 10458
  },
  {
    "stickerType": 7,
    "stickerId": 23838,
    "cateId": 10458
  },
  {
    "stickerType": 7,
    "stickerId": 23839,
    "cateId": 10458
  },
  {
    "stickerType": 7,
    "stickerId": 23840,
    "cateId": 10458
  },
  {
    "stickerType": 7,
    "stickerId": 23841,
    "cateId": 10458
  },
  {
    "stickerType": 7,
    "stickerId": 23842,
    "cateId": 10458
  },
  {
    "stickerType": 7,
    "stickerId": 23843,
    "cateId": 10458
  },
  {
    "stickerType": 7,
    "stickerId": 23844,
    "cateId": 10458
  },
  {
    "stickerType": 7,
    "stickerId": 23845,
    "cateId": 10458
  },
  {
    "stickerType": 7,
    "stickerId": 23866,
    "cateId": 10461
  },
  {
    "stickerType": 7,
    "stickerId": 23867,
    "cateId": 10461
  },
  {
    "stickerType": 7,
    "stickerId": 23868,
    "cateId": 10461
  },
  {
    "stickerType": 7,
    "stickerId": 23869,
    "cateId": 10461
  },
  {
    "stickerType": 7,
    "stickerId": 23870,
    "cateId": 10461
  },
  {
    "stickerType": 7,
    "stickerId": 23871,
    "cateId": 10461
  },
  {
    "stickerType": 7,
    "stickerId": 23872,
    "cateId": 10461
  },
  {
    "stickerType": 7,
    "stickerId": 23873,
    "cateId": 10461
  },
  {
    "stickerType": 7,
    "stickerId": 23874,
    "cateId": 10461
  },
  {
    "stickerType": 7,
    "stickerId": 23875,
    "cateId": 10461
  },
  {
    "stickerType": 7,
    "stickerId": 23890,
    "cateId": 10465
  },
  {
    "stickerType": 7,
    "stickerId": 23891,
    "cateId": 10465
  },
  {
    "stickerType": 7,
    "stickerId": 23892,
    "cateId": 10465
  },
  {
    "stickerType": 7,
    "stickerId": 23893,
    "cateId": 10465
  },
  {
    "stickerType": 7,
    "stickerId": 23894,
    "cateId": 10465
  },
  {
    "stickerType": 7,
    "stickerId": 23895,
    "cateId": 10465
  },
  {
    "stickerType": 7,
    "stickerId": 23896,
    "cateId": 10465
  },
  {
    "stickerType": 7,
    "stickerId": 26481,
    "cateId": 10676
  },
  {
    "stickerType": 7,
    "stickerId": 26482,
    "cateId": 10676
  },
  {
    "stickerType": 7,
    "stickerId": 26955,
    "cateId": 10711
  },
  {
    "stickerType": 7,
    "stickerId": 26956,
    "cateId": 10711
  },
  {
    "stickerType": 7,
    "stickerId": 26957,
    "cateId": 10711
  },
  {
    "stickerType": 7,
    "stickerId": 26958,
    "cateId": 10711
  },
  {
    "stickerType": 7,
    "stickerId": 26959,
    "cateId": 10711
  },
  {
    "stickerType": 7,
    "stickerId": 26960,
    "cateId": 10711
  },
  {
    "stickerType": 7,
    "stickerId": 26961,
    "cateId": 10711
  },
  {
    "stickerType": 7,
    "stickerId": 26962,
    "cateId": 10711
  },
  {
    "stickerType": 7,
    "stickerId": 26963,
    "cateId": 10711
  },
  {
    "stickerType": 7,
    "stickerId": 26964,
    "cateId": 10711
  },
  {
    "stickerType": 7,
    "stickerId": 26965,
    "cateId": 10711
  },
  {
    "stickerType": 7,
    "stickerId": 26966,
    "cateId": 10711
  },
  {
    "stickerType": 7,
    "stickerId": 26967,
    "cateId": 10711
  },
  {
    "stickerType": 7,
    "stickerId": 26968,
    "cateId": 10712
  },
  {
    "stickerType": 7,
    "stickerId": 26969,
    "cateId": 10713
  },
  {
    "stickerType": 7,
    "stickerId": 27156,
    "cateId": 10724
  },
  {
    "stickerType": 7,
    "stickerId": 27157,
    "cateId": 10724
  },
  {
    "stickerType": 7,
    "stickerId": 27158,
    "cateId": 10724
  },
  {
    "stickerType": 7,
    "stickerId": 27159,
    "cateId": 10724
  },
  {
    "stickerType": 7,
    "stickerId": 27160,
    "cateId": 10724
  },
  {
    "stickerType": 7,
    "stickerId": 27161,
    "cateId": 10724
  },
  {
    "stickerType": 7,
    "stickerId": 27162,
    "cateId": 10724
  },
  {
    "stickerType": 7,
    "stickerId": 27163,
    "cateId": 10724
  },
  {
    "stickerType": 7,
    "stickerId": 27164,
    "cateId": 10724
  },
  {
    "stickerType": 7,
    "stickerId": 27165,
    "cateId": 10724
  },
  {
    "stickerType": 7,
    "stickerId": 27166,
    "cateId": 10724
  },
  {
    "stickerType": 7,
    "stickerId": 27167,
    "cateId": 10724
  },
  {
    "stickerType": 7,
    "stickerId": 27168,
    "cateId": 10724
  },
  {
    "stickerType": 7,
    "stickerId": 27169,
    "cateId": 10724
  },
  {
    "stickerType": 7,
    "stickerId": 27170,
    "cateId": 10724
  },
  {
    "stickerType": 7,
    "stickerId": 27171,
    "cateId": 10724
  },
  {
    "stickerType": 7,
    "stickerId": 27172,
    "cateId": 10725
  },
  {
    "stickerType": 7,
    "stickerId": 27173,
    "cateId": 10725
  },
  {
    "stickerType": 7,
    "stickerId": 27174,
    "cateId": 10725
  },
  {
    "stickerType": 7,
    "stickerId": 27175,
    "cateId": 10725
  },
  {
    "stickerType": 7,
    "stickerId": 27176,
    "cateId": 10725
  },
  {
    "stickerType": 7,
    "stickerId": 27177,
    "cateId": 10725
  },
  {
    "stickerType": 7,
    "stickerId": 27178,
    "cateId": 10725
  },
  {
    "stickerType": 7,
    "stickerId": 27593,
    "cateId": 10746
  },
  {
    "stickerType": 7,
    "stickerId": 27594,
    "cateId": 10746
  },
  {
    "stickerType": 7,
    "stickerId": 27595,
    "cateId": 10746
  },
  {
    "stickerType": 7,
    "stickerId": 27596,
    "cateId": 10746
  },
  {
    "stickerType": 7,
    "stickerId": 27597,
    "cateId": 10746
  },
  {
    "stickerType": 7,
    "stickerId": 27598,
    "cateId": 10746
  },
  {
    "stickerType": 7,
    "stickerId": 27599,
    "cateId": 10746
  },
  {
    "stickerType": 7,
    "stickerId": 27600,
    "cateId": 10746
  },
  {
    "stickerType": 7,
    "stickerId": 27601,
    "cateId": 10746
  },
  {
    "stickerType": 7,
    "stickerId": 27602,
    "cateId": 10746
  },
  {
    "stickerType": 7,
    "stickerId": 27603,
    "cateId": 10746
  },
  {
    "stickerType": 7,
    "stickerId": 27604,
    "cateId": 10746
  },
  {
    "stickerType": 7,
    "stickerId": 27605,
    "cateId": 10746
  },
  {
    "stickerType": 7,
    "stickerId": 27606,
    "cateId": 10746
  },
  {
    "stickerType": 7,
    "stickerId": 27607,
    "cateId": 10746
  },
  {
    "stickerType": 7,
    "stickerId": 27608,
    "cateId": 10746
  },
  {
    "stickerType": 7,
    "stickerId": 27609,
    "cateId": 10746
  },
  {
    "stickerType": 7,
    "stickerId": 27610,
    "cateId": 10746
  },
  {
    "stickerType": 7,
    "stickerId": 27611,
    "cateId": 10746
  },
  {
    "stickerType": 7,
    "stickerId": 27612,
    "cateId": 10746
  },
  {
    "stickerType": 7,
    "stickerId": 27613,
    "cateId": 10746
  },
  {
    "stickerType": 7,
    "stickerId": 27614,
    "cateId": 10746
  },
  {
    "stickerType": 7,
    "stickerId": 27615,
    "cateId": 10746
  },
  {
    "stickerType": 7,
    "stickerId": 27616,
    "cateId": 10746
  },
  {
    "stickerType": 7,
    "stickerId": 27617,
    "cateId": 10746
  },
  {
    "stickerType": 7,
    "stickerId": 27618,
    "cateId": 10746
  },
  {
    "stickerType": 7,
    "stickerId": 27619,
    "cateId": 10746
  },
  {
    "stickerType": 7,
    "stickerId": 27620,
    "cateId": 10746
  },
  {
    "stickerType": 7,
    "stickerId": 27621,
    "cateId": 10746
  },
  {
    "stickerType": 7,
    "stickerId": 27622,
    "cateId": 10746
  },
  {
    "stickerType": 7,
    "stickerId": 27791,
    "cateId": 10755
  },
  {
    "stickerType": 7,
    "stickerId": 27792,
    "cateId": 10755
  },
  {
    "stickerType": 7,
    "stickerId": 27793,
    "cateId": 10755
  },
  {
    "stickerType": 7,
    "stickerId": 27794,
    "cateId": 10755
  },
  {
    "stickerType": 7,
    "stickerId": 27795,
    "cateId": 10755
  },
  {
    "stickerType": 7,
    "stickerId": 27796,
    "cateId": 10755
  },
  {
    "stickerType": 7,
    "stickerId": 28312,
    "cateId": 10780
  },
  {
    "stickerType": 7,
    "stickerId": 28313,
    "cateId": 10780
  },
  {
    "stickerType": 7,
    "stickerId": 28314,
    "cateId": 10780
  },
  {
    "stickerType": 7,
    "stickerId": 28315,
    "cateId": 10780
  },
  {
    "stickerType": 7,
    "stickerId": 28340,
    "cateId": 10784
  },
  {
    "stickerType": 7,
    "stickerId": 28341,
    "cateId": 10784
  },
  {
    "stickerType": 7,
    "stickerId": 28342,
    "cateId": 10784
  },
  {
    "stickerType": 7,
    "stickerId": 28343,
    "cateId": 10784
  },
  {
    "stickerType": 7,
    "stickerId": 31111,
    "cateId": 10977
  },
  {
    "stickerType": 7,
    "stickerId": 31112,
    "cateId": 10977
  },
  {
    "stickerType": 7,
    "stickerId": 31113,
    "cateId": 10977
  },
  {
    "stickerType": 7,
    "stickerId": 31114,
    "cateId": 10977
  },
  {
    "stickerType": 7,
    "stickerId": 32236,
    "cateId": 11052
  },
  {
    "stickerType": 7,
    "stickerId": 32489,
    "cateId": 11064
  },
  {
    "stickerType": 7,
    "stickerId": 32490,
    "cateId": 11064
  },
  {
    "stickerType": 7,
    "stickerId": 32491,
    "cateId": 11064
  },
  {
    "stickerType": 7,
    "stickerId": 32492,
    "cateId": 11064
  },
  {
    "stickerType": 7,
    "stickerId": 32493,
    "cateId": 11064
  },
  {
    "stickerType": 7,
    "stickerId": 32494,
    "cateId": 11064
  },
  {
    "stickerType": 7,
    "stickerId": 32495,
    "cateId": 11064
  },
  {
    "stickerType": 7,
    "stickerId": 32496,
    "cateId": 11064
  },
  {
    "stickerType": 7,
    "stickerId": 32497,
    "cateId": 11064
  },
  {
    "stickerType": 7,
    "stickerId": 32498,
    "cateId": 11064
  },
  {
    "stickerType": 7,
    "stickerId": 32499,
    "cateId": 11064
  },
  {
    "stickerType": 7,
    "stickerId": 32500,
    "cateId": 11064
  },
  {
    "stickerType": 7,
    "stickerId": 32501,
    "cateId": 11064
  },
  {
    "stickerType": 7,
    "stickerId": 32502,
    "cateId": 11064
  },
  {
    "stickerType": 7,
    "stickerId": 32503,
    "cateId": 11064
  },
  {
    "stickerType": 7,
    "stickerId": 32504,
    "cateId": 11064
  },
  {
    "stickerType": 7,
    "stickerId": 32505,
    "cateId": 11064
  },
  {
    "stickerType": 7,
    "stickerId": 32506,
    "cateId": 11064
  },
  {
    "stickerType": 7,
    "stickerId": 32507,
    "cateId": 11064
  },
  {
    "stickerType": 7,
    "stickerId": 32508,
    "cateId": 11064
  },
  {
    "stickerType": 7,
    "stickerId": 32509,
    "cateId": 11064
  },
  {
    "stickerType": 7,
    "stickerId": 32510,
    "cateId": 11064
  },
  {
    "stickerType": 7,
    "stickerId": 32511,
    "cateId": 11064
  },
  {
    "stickerType": 7,
    "stickerId": 33854,
    "cateId": 11134
  },
  {
    "stickerType": 7,
    "stickerId": 33855,
    "cateId": 11134
  },
  {
    "stickerType": 7,
    "stickerId": 33856,
    "cateId": 11134
  },
  {
    "stickerType": 7,
    "stickerId": 33857,
    "cateId": 11134
  },
  {
    "stickerType": 7,
    "stickerId": 33858,
    "cateId": 11134
  },
  {
    "stickerType": 7,
    "stickerId": 33859,
    "cateId": 11134
  },
  {
    "stickerType": 7,
    "stickerId": 33860,
    "cateId": 11134
  },
  {
    "stickerType": 7,
    "stickerId": 33861,
    "cateId": 11134
  },
  {
    "stickerType": 7,
    "stickerId": 33862,
    "cateId": 11134
  },
  {
    "stickerType": 7,
    "stickerId": 33863,
    "cateId": 11134
  },
  {
    "stickerType": 7,
    "stickerId": 33864,
    "cateId": 11134
  },
  {
    "stickerType": 7,
    "stickerId": 33865,
    "cateId": 11134
  },
  {
    "stickerType": 7,
    "stickerId": 33866,
    "cateId": 11134
  },
  {
    "stickerType": 7,
    "stickerId": 33867,
    "cateId": 11134
  },
  {
    "stickerType": 7,
    "stickerId": 33868,
    "cateId": 11134
  },
  {
    "stickerType": 7,
    "stickerId": 33869,
    "cateId": 11134
  },
  {
    "stickerType": 7,
    "stickerId": 33870,
    "cateId": 11134
  },
  {
    "stickerType": 7,
    "stickerId": 33871,
    "cateId": 11134
  },
  {
    "stickerType": 7,
    "stickerId": 37767,
    "cateId": 11377
  },
  {
    "stickerType": 7,
    "stickerId": 37768,
    "cateId": 11377
  },
  {
    "stickerType": 7,
    "stickerId": 37769,
    "cateId": 11377
  },
  {
    "stickerType": 7,
    "stickerId": 37779,
    "cateId": 11381
  },
  {
    "stickerType": 7,
    "stickerId": 37780,
    "cateId": 11381
  },
  {
    "stickerType": 7,
    "stickerId": 37786,
    "cateId": 11384
  },
  {
    "stickerType": 7,
    "stickerId": 37787,
    "cateId": 11384
  },
  {
    "stickerType": 7,
    "stickerId": 37790,
    "cateId": 11386
  },
  {
    "stickerType": 7,
    "stickerId": 37791,
    "cateId": 11386
  },
  {
    "stickerType": 7,
    "stickerId": 37792,
    "cateId": 11387
  },
  {
    "stickerType": 7,
    "stickerId": 37793,
    "cateId": 11387
  },
  {
    "stickerType": 7,
    "stickerId": 37796,
    "cateId": 11389
  },
  {
    "stickerType": 7,
    "stickerId": 37797,
    "cateId": 11389
  },
  {
    "stickerType": 7,
    "stickerId": 43198,
    "cateId": 11771
  },
  {
    "stickerType": 7,
    "stickerId": 43199,
    "cateId": 11771
  },
  {
    "stickerType": 7,
    "stickerId": 43200,
    "cateId": 11771
  },
  {
    "stickerType": 7,
    "stickerId": 43201,
    "cateId": 11771
  },
  {
    "stickerType": 7,
    "stickerId": 43202,
    "cateId": 11771
  },
  {
    "stickerType": 7,
    "stickerId": 43203,
    "cateId": 11771
  },
  {
    "stickerType": 7,
    "stickerId": 43204,
    "cateId": 11771
  },
  {
    "stickerType": 7,
    "stickerId": 43205,
    "cateId": 11771
  },
  {
    "stickerType": 7,
    "stickerId": 43206,
    "cateId": 11771
  },
  {
    "stickerType": 7,
    "stickerId": 43207,
    "cateId": 11771
  },
  {
    "stickerType": 7,
    "stickerId": 43208,
    "cateId": 11771
  },
  {
    "stickerType": 7,
    "stickerId": 43209,
    "cateId": 11771
  },
  {
    "stickerType": 7,
    "stickerId": 43210,
    "cateId": 11771
  },
  {
    "stickerType": 7,
    "stickerId": 43211,
    "cateId": 11771
  },
  {
    "stickerType": 7,
    "stickerId": 43212,
    "cateId": 11771
  },
  {
    "stickerType": 7,
    "stickerId": 43213,
    "cateId": 11771
  },
  {
    "stickerType": 7,
    "stickerId": 44309,
    "cateId": 11838
  },
  {
    "stickerType": 7,
    "stickerId": 44310,
    "cateId": 11838
  },
  {
    "stickerType": 7,
    "stickerId": 44311,
    "cateId": 11838
  },
  {
    "stickerType": 7,
    "stickerId": 44312,
    "cateId": 11838
  },
  {
    "stickerType": 7,
    "stickerId": 44313,
    "cateId": 11838
  },
  {
    "stickerType": 7,
    "stickerId": 44314,
    "cateId": 11838
  },
  {
    "stickerType": 7,
    "stickerId": 44315,
    "cateId": 11838
  },
  {
    "stickerType": 7,
    "stickerId": 44316,
    "cateId": 11838
  },
  {
    "stickerType": 7,
    "stickerId": 44317,
    "cateId": 11838
  },
  {
    "stickerType": 7,
    "stickerId": 44318,
    "cateId": 11838
  },
  {
    "stickerType": 7,
    "stickerId": 44319,
    "cateId": 11838
  },
  {
    "stickerType": 7,
    "stickerId": 44320,
    "cateId": 11838
  },
  {
    "stickerType": 7,
    "stickerId": 44321,
    "cateId": 11838
  },
  {
    "stickerType": 7,
    "stickerId": 44322,
    "cateId": 11838
  },
  {
    "stickerType": 7,
    "stickerId": 44323,
    "cateId": 11838
  },
  {
    "stickerType": 7,
    "stickerId": 44324,
    "cateId": 11838
  },
  {
    "stickerType": 7,
    "stickerId": 45026,
    "cateId": 11882
  },
  {
    "stickerType": 7,
    "stickerId": 45027,
    "cateId": 11882
  },
  {
    "stickerType": 7,
    "stickerId": 45028,
    "cateId": 11882
  },
  {
    "stickerType": 7,
    "stickerId": 45029,
    "cateId": 11882
  },
  {
    "stickerType": 7,
    "stickerId": 45030,
    "cateId": 11882
  },
  {
    "stickerType": 7,
    "stickerId": 45031,
    "cateId": 11882
  },
  {
    "stickerType": 7,
    "stickerId": 45032,
    "cateId": 11882
  },
  {
    "stickerType": 7,
    "stickerId": 45033,
    "cateId": 11882
  },
  {
    "stickerType": 7,
    "stickerId": 45034,
    "cateId": 11882
  },
  {
    "stickerType": 7,
    "stickerId": 45035,
    "cateId": 11882
  },
  {
    "stickerType": 7,
    "stickerId": 45036,
    "cateId": 11882
  },
  {
    "stickerType": 7,
    "stickerId": 45037,
    "cateId": 11882
  },
  {
    "stickerType": 7,
    "stickerId": 45038,
    "cateId": 11882
  },
  {
    "stickerType": 7,
    "stickerId": 45039,
    "cateId": 11882
  },
  {
    "stickerType": 7,
    "stickerId": 45040,
    "cateId": 11882
  },
  {
    "stickerType": 7,
    "stickerId": 45674,
    "cateId": 11922
  },
  {
    "stickerType": 7,
    "stickerId": 45675,
    "cateId": 11922
  },
  {
    "stickerType": 7,
    "stickerId": 45676,
    "cateId": 11922
  },
  {
    "stickerType": 7,
    "stickerId": 45677,
    "cateId": 11922
  },
  {
    "stickerType": 7,
    "stickerId": 45678,
    "cateId": 11922
  },
  {
    "stickerType": 7,
    "stickerId": 45679,
    "cateId": 11922
  },
  {
    "stickerType": 7,
    "stickerId": 45680,
    "cateId": 11922
  },
  {
    "stickerType": 7,
    "stickerId": 45681,
    "cateId": 11922
  },
  {
    "stickerType": 7,
    "stickerId": 45682,
    "cateId": 11922
  },
  {
    "stickerType": 7,
    "stickerId": 45683,
    "cateId": 11922
  },
  {
    "stickerType": 7,
    "stickerId": 45684,
    "cateId": 11922
  },
  {
    "stickerType": 7,
    "stickerId": 45685,
    "cateId": 11923
  },
  {
    "stickerType": 7,
    "stickerId": 45686,
    "cateId": 11923
  },
  {
    "stickerType": 7,
    "stickerId": 45687,
    "cateId": 11923
  },
  {
    "stickerType": 7,
    "stickerId": 45688,
    "cateId": 11923
  },
  {
    "stickerType": 7,
    "stickerId": 45689,
    "cateId": 11923
  },
  {
    "stickerType": 7,
    "stickerId": 45690,
    "cateId": 11923
  },
  {
    "stickerType": 7,
    "stickerId": 45691,
    "cateId": 11923
  },
  {
    "stickerType": 7,
    "stickerId": 45692,
    "cateId": 11923
  },
  {
    "stickerType": 7,
    "stickerId": 45693,
    "cateId": 11923
  },
  {
    "stickerType": 7,
    "stickerId": 45694,
    "cateId": 11923
  },
  {
    "stickerType": 7,
    "stickerId": 45695,
    "cateId": 11923
  },
  {
    "stickerType": 7,
    "stickerId": 45707,
    "cateId": 11925
  },
  {
    "stickerType": 7,
    "stickerId": 45708,
    "cateId": 11925
  },
  {
    "stickerType": 7,
    "stickerId": 45709,
    "cateId": 11925
  },
  {
    "stickerType": 7,
    "stickerId": 45710,
    "cateId": 11925
  },
  {
    "stickerType": 7,
    "stickerId": 45711,
    "cateId": 11925
  },
  {
    "stickerType": 7,
    "stickerId": 45712,
    "cateId": 11925
  },
  {
    "stickerType": 7,
    "stickerId": 45713,
    "cateId": 11925
  },
  {
    "stickerType": 7,
    "stickerId": 45714,
    "cateId": 11925
  },
  {
    "stickerType": 7,
    "stickerId": 45715,
    "cateId": 11925
  },
  {
    "stickerType": 7,
    "stickerId": 45716,
    "cateId": 11925
  },
  {
    "stickerType": 7,
    "stickerId": 45717,
    "cateId": 11925
  },
  {
    "stickerType": 7,
    "stickerId": 45992,
    "cateId": 11943
  },
  {
    "stickerType": 7,
    "stickerId": 45993,
    "cateId": 11943
  },
  {
    "stickerType": 7,
    "stickerId": 45994,
    "cateId": 11943
  },
  {
    "stickerType": 7,
    "stickerId": 45995,
    "cateId": 11943
  },
  {
    "stickerType": 7,
    "stickerId": 45996,
    "cateId": 11943
  },
  {
    "stickerType": 7,
    "stickerId": 45997,
    "cateId": 11943
  },
  {
    "stickerType": 7,
    "stickerId": 45998,
    "cateId": 11943
  },
  {
    "stickerType": 7,
    "stickerId": 45999,
    "cateId": 11943
  },
  {
    "stickerType": 7,
    "stickerId": 46000,
    "cateId": 11943
  },
  {
    "stickerType": 7,
    "stickerId": 46001,
    "cateId": 11943
  },
  {
    "stickerType": 7,
    "stickerId": 46002,
    "cateId": 11943
  },
  {
    "stickerType": 7,
    "stickerId": 46003,
    "cateId": 11943
  },
  {
    "stickerType": 7,
    "stickerId": 46032,
    "cateId": 11946
  },
  {
    "stickerType": 7,
    "stickerId": 46033,
    "cateId": 11946
  },
  {
    "stickerType": 7,
    "stickerId": 46034,
    "cateId": 11946
  },
  {
    "stickerType": 7,
    "stickerId": 46035,
    "cateId": 11946
  },
  {
    "stickerType": 7,
    "stickerId": 46036,
    "cateId": 11946
  },
  {
    "stickerType": 7,
    "stickerId": 46037,
    "cateId": 11946
  },
  {
    "stickerType": 7,
    "stickerId": 46038,
    "cateId": 11946
  },
  {
    "stickerType": 7,
    "stickerId": 46039,
    "cateId": 11946
  },
  {
    "stickerType": 7,
    "stickerId": 46040,
    "cateId": 11946
  },
  {
    "stickerType": 7,
    "stickerId": 46041,
    "cateId": 11946
  },
  {
    "stickerType": 7,
    "stickerId": 46042,
    "cateId": 11946
  },
  {
    "stickerType": 7,
    "stickerId": 46043,
    "cateId": 11946
  },
  {
    "stickerType": 7,
    "stickerId": 47079,
    "cateId": 12009
  },
  {
    "stickerType": 7,
    "stickerId": 47080,
    "cateId": 12009
  },
  {
    "stickerType": 7,
    "stickerId": 47081,
    "cateId": 12009
  },
  {
    "stickerType": 7,
    "stickerId": 47082,
    "cateId": 12009
  },
  {
    "stickerType": 7,
    "stickerId": 47083,
    "cateId": 12009
  },
  {
    "stickerType": 7,
    "stickerId": 47084,
    "cateId": 12009
  },
  {
    "stickerType": 7,
    "stickerId": 47085,
    "cateId": 12009
  },
  {
    "stickerType": 7,
    "stickerId": 47086,
    "cateId": 12009
  },
  {
    "stickerType": 7,
    "stickerId": 47087,
    "cateId": 12009
  },
  {
    "stickerType": 7,
    "stickerId": 47088,
    "cateId": 12009
  },
  {
    "stickerType": 7,
    "stickerId": 47089,
    "cateId": 12009
  },
  {
    "stickerType": 7,
    "stickerId": 47090,
    "cateId": 12010
  },
  {
    "stickerType": 7,
    "stickerId": 47091,
    "cateId": 12010
  },
  {
    "stickerType": 7,
    "stickerId": 47092,
    "cateId": 12010
  },
  {
    "stickerType": 7,
    "stickerId": 47093,
    "cateId": 12010
  },
  {
    "stickerType": 7,
    "stickerId": 47094,
    "cateId": 12010
  },
  {
    "stickerType": 7,
    "stickerId": 47095,
    "cateId": 12010
  },
  {
    "stickerType": 7,
    "stickerId": 47096,
    "cateId": 12010
  },
  {
    "stickerType": 7,
    "stickerId": 47097,
    "cateId": 12010
  },
  {
    "stickerType": 7,
    "stickerId": 47098,
    "cateId": 12010
  },
  {
    "stickerType": 7,
    "stickerId": 47099,
    "cateId": 12010
  },
  {
    "stickerType": 7,
    "stickerId": 47100,
    "cateId": 12010
  },
  {
    "stickerType": 7,
    "stickerId": 47101,
    "cateId": 12011
  },
  {
    "stickerType": 7,
    "stickerId": 47102,
    "cateId": 12011
  },
  {
    "stickerType": 7,
    "stickerId": 47103,
    "cateId": 12011
  },
  {
    "stickerType": 7,
    "stickerId": 47104,
    "cateId": 12011
  },
  {
    "stickerType": 7,
    "stickerId": 47105,
    "cateId": 12011
  },
  {
    "stickerType": 7,
    "stickerId": 47106,
    "cateId": 12011
  },
  {
    "stickerType": 7,
    "stickerId": 47107,
    "cateId": 12011
  },
  {
    "stickerType": 7,
    "stickerId": 47108,
    "cateId": 12011
  },
  {
    "stickerType": 7,
    "stickerId": 47109,
    "cateId": 12011
  },
  {
    "stickerType": 7,
    "stickerId": 47110,
    "cateId": 12011
  },
  {
    "stickerType": 7,
    "stickerId": 47111,
    "cateId": 12011
  },
  {
    "stickerType": 7,
    "stickerId": 47112,
    "cateId": 12011
  },
  {
    "stickerType": 7,
    "stickerId": 47113,
    "cateId": 12011
  },
  {
    "stickerType": 7,
    "stickerId": 47114,
    "cateId": 12011
  },
  {
    "stickerType": 7,
    "stickerId": 47115,
    "cateId": 12011
  },
  {
    "stickerType": 7,
    "stickerId": 47116,
    "cateId": 12011
  },
  {
    "stickerType": 7,
    "stickerId": 48111,
    "cateId": 12075
  },
  {
    "stickerType": 7,
    "stickerId": 48112,
    "cateId": 12075
  },
  {
    "stickerType": 7,
    "stickerId": 48113,
    "cateId": 12075
  },
  {
    "stickerType": 7,
    "stickerId": 48114,
    "cateId": 12076
  },
  {
    "stickerType": 7,
    "stickerId": 48115,
    "cateId": 12076
  },
  {
    "stickerType": 7,
    "stickerId": 48116,
    "cateId": 12076
  },
  {
    "stickerType": 7,
    "stickerId": 48236,
    "cateId": 12085
  },
  {
    "stickerType": 7,
    "stickerId": 48237,
    "cateId": 12085
  },
  {
    "stickerType": 7,
    "stickerId": 48238,
    "cateId": 12085
  },
  {
    "stickerType": 7,
    "stickerId": 48239,
    "cateId": 12085
  },
  {
    "stickerType": 7,
    "stickerId": 48240,
    "cateId": 12085
  },
  {
    "stickerType": 7,
    "stickerId": 48241,
    "cateId": 12085
  },
  {
    "stickerType": 7,
    "stickerId": 48242,
    "cateId": 12085
  },
  {
    "stickerType": 7,
    "stickerId": 48243,
    "cateId": 12085
  },
  {
    "stickerType": 7,
    "stickerId": 48244,
    "cateId": 12085
  },
  {
    "stickerType": 7,
    "stickerId": 48245,
    "cateId": 12085
  },
  {
    "stickerType": 7,
    "stickerId": 48246,
    "cateId": 12085
  },
  {
    "stickerType": 7,
    "stickerId": 48247,
    "cateId": 12085
  },
  {
    "stickerType": 7,
    "stickerId": 48272,
    "cateId": 12088
  },
  {
    "stickerType": 7,
    "stickerId": 48273,
    "cateId": 12088
  },
  {
    "stickerType": 7,
    "stickerId": 48274,
    "cateId": 12088
  },
  {
    "stickerType": 7,
    "stickerId": 48275,
    "cateId": 12088
  },
  {
    "stickerType": 7,
    "stickerId": 48276,
    "cateId": 12088
  },
  {
    "stickerType": 7,
    "stickerId": 48277,
    "cateId": 12088
  },
  {
    "stickerType": 7,
    "stickerId": 48278,
    "cateId": 12088
  },
  {
    "stickerType": 7,
    "stickerId": 48279,
    "cateId": 12088
  },
  {
    "stickerType": 7,
    "stickerId": 48280,
    "cateId": 12088
  },
  {
    "stickerType": 7,
    "stickerId": 48281,
    "cateId": 12088
  },
  {
    "stickerType": 7,
    "stickerId": 48282,
    "cateId": 12088
  },
  {
    "stickerType": 7,
    "stickerId": 48283,
    "cateId": 12088
  },
  {
    "stickerType": 7,
    "stickerId": 49054,
    "cateId": 12180
  },
  {
    "stickerType": 7,
    "stickerId": 49055,
    "cateId": 12180
  },
  {
    "stickerType": 7,
    "stickerId": 49056,
    "cateId": 12180
  },
  {
    "stickerType": 7,
    "stickerId": 49057,
    "cateId": 12180
  },
  {
    "stickerType": 7,
    "stickerId": 49058,
    "cateId": 12180
  },
  {
    "stickerType": 7,
    "stickerId": 49059,
    "cateId": 12180
  },
  {
    "stickerType": 7,
    "stickerId": 49060,
    "cateId": 12180
  },
  {
    "stickerType": 7,
    "stickerId": 49061,
    "cateId": 12180
  },
  {
    "stickerType": 7,
    "stickerId": 49062,
    "cateId": 12180
  },
  {
    "stickerType": 7,
    "stickerId": 49063,
    "cateId": 12180
  },
  {
    "stickerType": 7,
    "stickerId": 49064,
    "cateId": 12180
  },
  {
    "stickerType": 7,
    "stickerId": 49065,
    "cateId": 12180
  },
  {
    "stickerType": 7,
    "stickerId": 49066,
    "cateId": 12182
  },
  {
    "stickerType": 7,
    "stickerId": 49067,
    "cateId": 12182
  },
  {
    "stickerType": 7,
    "stickerId": 49068,
    "cateId": 12182
  },
  {
    "stickerType": 7,
    "stickerId": 49069,
    "cateId": 12182
  },
  {
    "stickerType": 7,
    "stickerId": 49070,
    "cateId": 12182
  },
  {
    "stickerType": 7,
    "stickerId": 49071,
    "cateId": 12182
  },
  {
    "stickerType": 7,
    "stickerId": 49072,
    "cateId": 12182
  },
  {
    "stickerType": 7,
    "stickerId": 49073,
    "cateId": 12182
  },
  {
    "stickerType": 7,
    "stickerId": 49074,
    "cateId": 12182
  },
  {
    "stickerType": 7,
    "stickerId": 49075,
    "cateId": 12182
  },
  {
    "stickerType": 7,
    "stickerId": 49076,
    "cateId": 12182
  },
  {
    "stickerType": 7,
    "stickerId": 49077,
    "cateId": 12182
  },
  {
    "stickerType": 7,
    "stickerId": 49078,
    "cateId": 12184
  },
  {
    "stickerType": 7,
    "stickerId": 49079,
    "cateId": 12184
  },
  {
    "stickerType": 7,
    "stickerId": 49080,
    "cateId": 12184
  },
  {
    "stickerType": 7,
    "stickerId": 49081,
    "cateId": 12184
  },
  {
    "stickerType": 7,
    "stickerId": 49082,
    "cateId": 12184
  },
  {
    "stickerType": 7,
    "stickerId": 49083,
    "cateId": 12184
  },
  {
    "stickerType": 7,
    "stickerId": 49084,
    "cateId": 12184
  },
  {
    "stickerType": 7,
    "stickerId": 49085,
    "cateId": 12184
  },
  {
    "stickerType": 7,
    "stickerId": 49086,
    "cateId": 12184
  },
  {
    "stickerType": 7,
    "stickerId": 49087,
    "cateId": 12184
  },
  {
    "stickerType": 7,
    "stickerId": 49088,
    "cateId": 12184
  },
  {
    "stickerType": 7,
    "stickerId": 49089,
    "cateId": 12184
  },
  {
    "stickerType": 7,
    "stickerId": 49090,
    "cateId": 12186
  },
  {
    "stickerType": 7,
    "stickerId": 49091,
    "cateId": 12186
  },
  {
    "stickerType": 7,
    "stickerId": 49092,
    "cateId": 12186
  },
  {
    "stickerType": 7,
    "stickerId": 49093,
    "cateId": 12186
  },
  {
    "stickerType": 7,
    "stickerId": 49094,
    "cateId": 12186
  },
  {
    "stickerType": 7,
    "stickerId": 49095,
    "cateId": 12186
  },
  {
    "stickerType": 7,
    "stickerId": 49096,
    "cateId": 12186
  },
  {
    "stickerType": 7,
    "stickerId": 49097,
    "cateId": 12186
  },
  {
    "stickerType": 7,
    "stickerId": 49098,
    "cateId": 12186
  },
  {
    "stickerType": 7,
    "stickerId": 49099,
    "cateId": 12186
  },
  {
    "stickerType": 7,
    "stickerId": 49100,
    "cateId": 12186
  },
  {
    "stickerType": 7,
    "stickerId": 49101,
    "cateId": 12186
  },
  {
    "stickerType": 3,
    "stickerId": 26634,
    "cateId": 10685
  },
  {
    "stickerType": 3,
    "stickerId": 25878,
    "cateId": 10627
  }
]