{
  "1000136914447662556": {
    "nameGroup": "NHÓM THU GMAIL QC FAMILY 70k/1",
    "adminList": {
      "6447415537719914820": "Lê Hằng",
      "3824186568194340399": "Hoàng Ngọc Huy"
    },
    "muteList": {},
    "whileList": {},
    "activeBot": false,
    "activeGame": false,
    "welcomeGroup": false,
    "byeGroup": false,
    "antiSpam": false,
    "filterBadWords": false,
    "removeLinks": true,
    "learnEnabled": false,
    "replyEnabled": false,
    "onlyText": false,
    "memberApprove": false,
    "antiNude": false,
    "enableKickImage": false,
    "enableBlockImage": false,
    "whiteList": {},
    "autoLockChat": {},
    "antiMedia": false,
    "antiSticker": false,
    "antiStkLag": false,
    "removeLinkKeywords": false,
    "groupprqcSettings": false
  },
  "845281808323715462": {
    "nameGroup": "NHÓM THU VOUCHER 🇻🇳",
    "adminList": {
      "5577782992722605141": "Hoàng Huy",
      "6447415537719914820": "Lê Hằng"
    },
    "muteList": {
      "5474494529852548036": {
        "name": "Huy Khánh (scam)",
        "timeMute": -1
      }
    },
    "whileList": {},
    "activeBot": false,
    "activeGame": false,
    "welcomeGroup": false,
    "byeGroup": false,
    "antiSpam": true,
    "filterBadWords": false,
    "removeLinks": true,
    "learnEnabled": false,
    "replyEnabled": false,
    "onlyText": false,
    "memberApprove": false,
    "antiNude": false,
    "enableKickImage": false,
    "enableBlockImage": false,
    "whiteList": {},
    "antiMedia": false,
    "antiSticker": false,
    "antiStkLag": false,
    "removeLinkKeywords": false,
    "groupprqcSettings": false,
    "autoLockChat": {
      "startHour": 23,
      "startMinute": 0,
      "startAction": "on",
      "endHour": 6,
      "endMinute": 30,
      "endAction": "off"
    }
  },
  "7094959690608411979": {
    "nameGroup": "🤡Share kèo, chạy app, nch dzui dzẻ,…🤡",
    "adminList": {
      "3824186568194340399": "Hoàng Ngọc Huy",
      "6447415537719914820": "Lê Hằng",
      "5577782992722605141": "Hoàng Huy"
    },
    "muteList": {},
    "whileList": {},
    "activeBot": false,
    "activeGame": false,
    "welcomeGroup": false,
    "byeGroup": false,
    "antiSpam": false,
    "filterBadWords": false,
    "removeLinks": false,
    "learnEnabled": false,
    "replyEnabled": false,
    "onlyText": false,
    "memberApprove": true,
    "antiNude": false,
    "enableKickImage": false,
    "enableBlockImage": false,
    "whiteList": {},
    "autoLockChat": {},
    "antiMedia": false,
    "antiSticker": false,
    "antiStkLag": false,
    "removeLinkKeywords": true,
    "groupprqcSettings": false
  },
  "6805041339947237197": {
    "nameGroup": "Lập Trình Bất Ổn",
    "adminList": {},
    "muteList": {
      "4074279241410814903": {
        "name": "Bùi Văn Cương",
        "timeMute": -1
      },
      "3847687489980678488": {
        "name": "Trần Anh Khoa",
        "timeMute": -1
      },
      "4239632098770124267": {
        "name": "Lê Khả Hoan",
        "timeMute": -1
      },
      "8315896151549019482": {
        "name": "Phạm Thanh Bình",
        "timeMute": -1
      },
      "7957263236965864016": {
        "name": "Bùi Minh",
        "timeMute": -1
      },
      "7362798301729020432": {
        "name": "Nguyễn Minh An",
        "timeMute": -1
      },
      "4814568231327564781": {
        "name": "Hằng Vui",
        "timeMute": -1
      },
      "5948362878748479409": {
        "name": "Tuấn Kiệt Media",
        "timeMute": -1
      },
      "2371892832402037719": {
        "name": "Nguyễn Công Hải",
        "timeMute": -1
      },
      "5504325368953912926": {
        "name": "Nguyễn Đức Tam",
        "timeMute": -1
      }
    },
    "whileList": {},
    "activeBot": true,
    "activeGame": false,
    "welcomeGroup": false,
    "byeGroup": false,
    "antiSpam": false,
    "filterBadWords": false,
    "removeLinks": false,
    "learnEnabled": false,
    "replyEnabled": false,
    "onlyText": false,
    "memberApprove": false,
    "antiNude": false,
    "enableKickImage": false,
    "enableBlockImage": false,
    "whiteList": {},
    "autoLockChat": {},
    "antiMedia": false,
    "antiSticker": false,
    "antiStkLag": false,
    "removeLinkKeywords": false,
    "groupprqcSettings": false
  },
  "9193956856087935402": {
    "nameGroup": "Sống ko đớp đời như L",
    "adminList": {},
    "muteList": {},
    "whileList": {},
    "activeBot": true,
    "activeGame": false,
    "welcomeGroup": false,
    "byeGroup": false,
    "antiSpam": false,
    "filterBadWords": false,
    "removeLinks": false,
    "learnEnabled": false,
    "replyEnabled": false,
    "onlyText": false,
    "memberApprove": false,
    "antiNude": false,
    "enableKickImage": false,
    "enableBlockImage": false,
    "whiteList": {},
    "autoLockChat": {},
    "antiMedia": false,
    "antiSticker": false,
    "antiStkLag": false,
    "removeLinkKeywords": false,
    "groupprqcSettings": false
  }
}